t (ms);WP;WP_Total;TCP_X;TCP_Y;TCP_Z;Tgt_X;Tgt_Y;Tgt_Z;Dist (mm);Vel (mm/s);J1 (deg);J2 (deg);J3 (deg);J4 (deg);J5 (deg);J6 (deg)
10486;1;1;84.2;123.3;157.8;200;0;280;208.7;33.9;-36.9;-2.6;1.8;8.4;-46.2;-82.9
10586;1;1;85.7;121.7;157.2;200;0;280;207.3;36.6;-36.1;-2.5;1.8;8.3;-46.1;-81.8
10686;1;1;86.6;121.1;157.5;200;0;280;206.3;38.4;-35.8;-2.6;2;8.1;-46.2;-81.2
10786;1;1;87.3;120.5;157.4;200;0;280;205.5;39.7;-35.4;-2.6;2.1;8.1;-46.2;-80.8
10886;1;1;88;120.4;157.9;200;0;280;204.8;40.9;-35.2;-2.6;2.3;7.9;-46.1;-80.4
10986;1;1;88.9;120.2;158.5;200;0;280;203.8;42.4;-35;-2.6;2.5;7.7;-46.1;-80
11086;1;1;89.8;119.9;158.9;200;0;280;202.9;43.7;-34.7;-2.6;2.8;7.7;-46.2;-79.6
11186;1;1;91.2;119.6;160;200;0;280;201.4;45.8;-34.4;-2.6;3.3;7.6;-46.2;-79.2
11286;1;1;92.2;119.4;160.8;200;0;280;200.2;47.3;-34.1;-2.6;3.6;7.6;-46.2;-78.8
11386;1;1;93.1;119.3;161.5;200;0;280;199.3;48.5;-33.9;-2.6;4;7.6;-46.2;-78.4
11486;1;1;94.3;119;162.3;200;0;280;197.9;50;-33.6;-2.6;4.3;7.6;-46.2;-78
11586;1;1;95.1;118.8;163;200;0;280;197;50;-33.4;-2.6;4.7;7.6;-46.2;-77.4
11686;1;1;96.5;118.2;163.6;200;0;280;195.5;50;-33;-2.6;5;7.5;-46.2;-76.8
11786;1;1;97.7;118;164.6;200;0;280;194.1;50;-32.7;-2.6;5.4;7.4;-46.2;-76.3
11886;1;1;98.2;117.4;164.8;200;0;280;193.4;50;-32.5;-2.6;5.8;7.4;-46.6;-75.2
11987;1;1;100.6;117;166.9;200;0;280;190.7;50;-32;-2.6;6.7;6.9;-46.7;-74.2
12086;1;1;102.5;116.1;168.2;200;0;280;188.3;50;-31.5;-2.6;7.5;6.9;-47.1;-72.9
12186;1;1;104.6;115.4;170.1;200;0;280;185.7;50;-30.9;-2.6;8.3;6.7;-47.5;-72
12287;1;1;106;114.9;171.7;200;0;280;183.7;50;-30.7;-2.6;9.2;6.7;-48.2;-71
12387;1;1;108.2;113.8;173.5;200;0;280;180.9;50;-30.1;-2.6;10.1;6.7;-48.7;-70
12487;1;1;109.8;113.2;175.3;200;0;280;178.7;50;-29.7;-2.6;11;6.8;-49.2;-69.3
12587;1;1;111.5;112.4;176.6;200;0;280;176.5;50;-29.3;-2.5;11.8;6.8;-49.8;-68.5
12687;1;1;113.3;111.7;178.4;200;0;280;174.1;50;-28.9;-2.5;12.7;6.9;-50.4;-67.6
12787;1;1;114.9;111.1;180.1;200;0;280;171.9;50;-28.6;-2.4;13.6;7.1;-51;-67
12887;1;1;116.5;110.3;181.5;200;0;280;169.8;50;-28.2;-2.3;14.4;7.5;-51.4;-66.4
12987;1;1;117.9;109.5;182.8;200;0;280;167.9;50;-27.9;-2.2;15.2;7.8;-51.9;-65.7
13087;1;1;119.7;108.4;184.5;200;0;280;165.3;50;-27.4;-2.2;16;8.2;-52.3;-65.2
13187;1;1;121.4;107.5;186;200;0;280;163.1;50;-27.1;-2.1;16.8;8.5;-52.6;-64.6
13287;1;1;122.4;107;187;200;0;280;161.6;50;-26.9;-2;17.4;8.9;-52.9;-64.1
13387;1;1;123.9;105.8;188;200;0;280;159.5;50;-26.5;-1.9;18;9.2;-53.3;-63.6
13487;1;1;125.2;105;189.5;200;0;280;157.5;50;-26.1;-1.9;18.6;9.5;-53.5;-63.4
13587;1;1;126.6;104;190.6;200;0;280;155.6;50;-25.8;-1.9;19.2;9.8;-53.5;-62.8
13687;1;1;127.5;103.3;191.6;200;0;280;154.1;50;-25.6;-1.9;19.7;10.2;-53.7;-62.3
13787;1;1;128.7;102.4;192.6;200;0;280;152.3;50;-25.2;-1.9;20.1;10.5;-53.7;-62
13887;1;1;130.1;101.4;193.4;200;0;280;150.6;50;-24.9;-1.8;20.6;10.9;-53.7;-61.6
13987;1;1;131.3;100.2;194.1;200;0;280;148.8;50;-24.4;-1.8;20.9;11.2;-53.8;-61.3
14087;1;1;132.6;98.9;195.2;200;0;280;146.7;50;-24;-1.9;21.4;11.7;-53.8;-61
14187;1;1;133.3;98.5;195.8;200;0;280;145.8;50;-23.9;-1.8;21.7;12;-53.8;-60.6
14287;1;1;134.4;97.6;196.6;200;0;280;144.2;50;-23.6;-1.8;22.1;12.2;-53.8;-60.5
14387;1;1;135.6;96.4;197.4;200;0;280;142.3;50;-23.1;-1.8;22.4;12.6;-53.8;-60.3
14488;1;1;136.5;95.4;198.2;200;0;280;140.8;50;-22.9;-1.8;22.8;12.9;-53.8;-59.9
14587;1;1;137.2;94.7;198.7;200;0;280;139.8;50;-22.7;-1.8;23;13.3;-53.8;-59.7
14687;1;1;138.2;93.8;199.5;200;0;280;138.1;50;-22.3;-1.8;23.4;13.5;-53.8;-59.5
14787;1;1;139.2;92.8;200.2;200;0;280;136.6;50;-22.1;-1.8;23.7;13.9;-53.8;-59.1
14887;1;1;140.2;91.7;201.1;200;0;280;135;50;-21.7;-1.8;24.1;14.2;-53.8;-58.8
14987;1;1;140.9;90.7;201.5;200;0;280;133.7;50;-21.4;-1.8;24.3;14.5;-53.9;-58.5
15087;1;1;141.6;90.2;202.3;200;0;280;132.6;50;-21.3;-1.8;24.6;14.9;-53.8;-58.5
15187;1;1;142.4;89.4;203.4;200;0;280;131;50;-21;-1.9;25;15.2;-53.8;-58.5
15287;1;1;143.4;88.6;204.1;200;0;280;129.7;50;-20.7;-1.8;25.3;15.6;-53.9;-58.4
15387;1;1;144.3;87.5;204.7;200;0;280;128.2;50;-20.4;-1.8;25.6;15.9;-53.9;-58.4
15487;1;1;145.1;86.6;205.6;200;0;280;126.7;50;-20.1;-1.8;25.9;16.3;-53.9;-58.2
15587;1;1;145.8;85.7;206;200;0;280;125.5;50;-20;-1.8;26.2;16.8;-53.9;-58
15688;1;1;146.8;84.9;206.8;200;0;280;124.1;50;-19.7;-1.8;26.5;17.1;-53.9;-57.8
15788;1;1;147.4;84.1;207.3;200;0;280;123;50;-19.5;-1.8;26.8;17.4;-53.9;-57.6
15888;1;1;148.1;83.2;208;200;0;280;121.7;50;-19.2;-1.8;27.1;17.8;-53.9;-57.6
15988;1;1;148.9;82.3;208.8;200;0;280;120.3;50;-19.1;-1.8;27.4;18.2;-53.9;-57.2
16088;1;1;149.7;81.4;209.2;200;0;280;119;50;-18.8;-1.7;27.7;18.6;-53.9;-57.2
16186;1;1;150.3;80.7;209.9;200;0;280;117.9;50;-18.6;-1.7;27.9;18.9;-53.9;-57
16286;1;1;151;80;210.8;200;0;280;116.6;50;-18.5;-1.7;28.3;19.3;-53.9;-57
16386;1;1;151.8;79.1;211.5;200;0;280;115.2;50;-18.2;-1.7;28.6;19.7;-53.9;-57
16486;1;1;152.4;78.6;212.2;200;0;280;114.2;50;-18.1;-1.6;28.9;20;-53.9;-56.8
16586;1;1;153;78.1;213;200;0;280;113.1;50;-17.9;-1.6;29.2;20.4;-53.9;-56.9
16686;1;1;154;76.9;213.4;200;0;280;111.6;50;-17.6;-1.5;29.4;20.7;-53.9;-56.8
16786;1;1;154.7;75.9;214.1;200;0;280;110.3;50;-17.3;-1.5;29.7;21.1;-53.9;-56.7
16886;1;1;155.3;75.2;214.5;200;0;280;109.2;50;-17.1;-1.4;30;21.4;-54;-56.6
16986;1;1;156.1;74.5;215.6;200;0;280;107.9;50;-17;-1.4;30.3;21.9;-53.9;-56.6
17086;1;1;156.6;73.8;216.2;200;0;280;106.7;50;-16.8;-1.4;30.6;22.2;-54;-56.6
17186;1;1;157.1;73;216.9;200;0;280;105.6;50;-16.6;-1.4;30.8;22.7;-54;-56.6
17286;1;1;158.1;71.9;217.5;200;0;280;104.1;50;-16.3;-1.3;31.1;23.1;-54;-56.7
17386;1;1;158.5;71.3;218.2;200;0;280;103.1;50;-16.2;-1.3;31.4;23.6;-54;-56.7
17486;1;1;159.2;70.3;218.9;200;0;280;101.7;50;-15.9;-1.3;31.6;23.9;-54;-56.6
17586;1;1;159.9;69.7;219.7;200;0;280;100.5;50;-15.7;-1.2;32;24.3;-54;-56.7
17686;1;1;160.6;69;220.3;200;0;280;99.4;50;-15.6;-1.1;32.3;24.6;-54;-56.7
17786;1;1;161.1;68.2;220.7;200;0;280;98.4;50;-15.4;-1.1;32.4;25;-54;-56.7
17887;1;1;161.5;67.7;221.4;200;0;280;97.5;50;-15.3;-1.1;32.7;25.5;-54;-56.7
17986;1;1;162.1;66.7;222.2;200;0;280;96.1;50;-15;-1.1;33;25.8;-54;-56.7
18086;1;1;162.8;66;222.7;200;0;280;95;50;-14.9;-1.1;33.2;26.2;-54;-56.7
18186;1;1;163.4;65;223.5;200;0;280;93.6;50;-14.6;-1.1;33.5;26.5;-54;-56.7
18286;1;1;164;64.3;224;200;0;280;92.5;50;-14.4;-1;33.8;27;-54;-56.7
18386;1;1;164.5;63.5;224.8;200;0;280;91.3;50;-14.2;-1;34;27.3;-54;-56.7
18486;1;1;165.2;62.7;225.3;200;0;280;90.2;50;-14.1;-0.9;34.3;27.8;-54;-56.7
18587;1;1;165.7;62;226.1;200;0;280;89;50;-13.9;-0.9;34.5;28.1;-54;-56.7
18687;1;1;166.2;60.8;226.7;200;0;280;87.6;50;-13.6;-0.9;34.8;28.6;-54.1;-56.7
18787;1;1;166.7;60.2;226.7;200;0;280;87;50;-13.4;-0.8;34.9;28.8;-54.1;-56.7
18887;1;1;166.9;60;227.2;200;0;280;86.5;50;-13.4;-0.8;35.1;29.1;-54.1;-56.7
18987;1;1;167.3;59.8;227.8;200;0;280;85.8;50;-13.4;-0.7;35.3;29.4;-54.1;-56.7
19087;1;1;167.4;59.6;228;200;0;280;85.5;50;-13.4;-0.7;35.4;29.6;-54.1;-56.7
19187;1;1;167.8;59.4;228.5;200;0;280;84.9;50;-13.4;-0.6;35.7;29.9;-54.2;-56.7
19287;1;1;167.9;59.3;229.1;200;0;280;84.4;50;-13.4;-0.6;35.9;30.1;-54.2;-56.7
19387;1;1;168.1;59.1;229.6;200;0;280;83.9;50;-13.4;-0.6;36;30.3;-54.2;-56.7
19487;1;1;168.4;58.8;229.9;200;0;280;83.5;50;-13.4;-0.5;36.2;30.6;-54.3;-56.7
19587;1;1;168.7;58.7;230.7;200;0;280;82.8;50;-13.4;-0.5;36.5;30.8;-54.3;-56.7
19687;1;1;169;58.4;230.9;200;0;280;82.4;50;-13.4;-0.4;36.7;31.1;-54.5;-56.7
19787;1;1;169.1;58.2;231.3;200;0;280;81.9;50;-13.4;-0.4;36.8;31.4;-54.6;-56.7
19887;1;1;169.4;58;231.6;200;0;280;81.5;50;-13.4;-0.4;37;31.6;-54.7;-56.7
19987;1;1;169.5;57.8;232.1;200;0;280;81;50;-13.4;-0.4;37.2;31.8;-54.8;-56.7
20087;1;1;169.7;57.6;232.9;200;0;280;80.4;50;-13.4;-0.4;37.4;32;-54.8;-56.7
20187;1;1;170;57.4;233.1;200;0;280;79.9;50;-13.4;-0.3;37.6;32.3;-54.9;-56.7
20287;1;1;170.2;57.2;233.7;200;0;280;79.4;50;-13.4;-0.3;37.8;32.5;-54.9;-56.7
20387;1;1;170.5;57.1;233.9;200;0;280;79.1;50;-13.4;-0.2;38;32.7;-55;-56.7
20487;1;1;170.7;56.8;234.7;200;0;280;78.3;50;-13.4;-0.2;38.2;33;-55.1;-56.7
20587;1;1;170.8;56.7;235.3;200;0;280;77.9;50;-13.4;-0.2;38.4;33.1;-55.2;-56.8
20687;1;1;171;56.6;235.2;200;0;280;77.7;50;-13.4;-0.1;38.5;33.3;-55.3;-56.8
20787;1;1;171.3;56.4;236.1;200;0;280;77;50;-13.4;-0.1;38.8;33.6;-55.3;-56.8
20887;1;1;171.4;56.3;236.6;200;0;280;76.6;50;-13.4;-0.1;38.9;33.8;-55.3;-56.8
20987;1;1;171.8;56.2;237;200;0;280;76.2;50;-13.4;0;39.1;33.9;-55.3;-56.8
21087;1;1;171.9;56;237.8;200;0;280;75.5;50;-13.4;0;39.4;34.1;-55.4;-56.8
21187;1;1;172.3;55.9;238.4;200;0;280;75;50;-13.4;0.1;39.6;34.3;-55.4;-56.8
21287;1;1;172.4;55.7;238.7;200;0;280;74.6;50;-13.4;0.1;39.7;34.5;-55.4;-56.8
21387;1;1;172.8;55.6;239.3;200;0;280;74.1;50;-13.4;0.2;40;34.7;-55.5;-56.8
21488;1;1;173;55.5;240.1;200;0;280;73.4;50;-13.4;0.2;40.3;34.9;-55.5;-56.8
21588;1;1;173.2;55.3;240.1;200;0;280;73.3;50;-13.4;0.3;40.3;35.1;-55.5;-56.8
21688;1;1;173.4;55.1;240.9;200;0;280;72.6;50;-13.4;0.3;40.6;35.2;-55.6;-56.8
21788;1;1;173.5;54.9;241.4;200;0;280;72.2;50;-13.4;0.3;40.8;35.4;-55.7;-56.8
21888;1;1;173.8;54.9;241.8;200;0;280;71.8;50;-13.4;0.4;41;35.6;-55.7;-56.8
21986;1;1;174;54.6;242.6;200;0;280;71.1;50;-13.4;0.4;41.2;35.9;-55.8;-56.8
22086;1;1;174.2;54.4;243.4;200;0;280;70.4;50;-13.4;0.4;41.5;36.1;-55.8;-56.8
22186;1;1;174.4;54.3;243.4;200;0;280;70.3;50;-13.4;0.4;41.6;36.2;-56;-56.8
22286;1;1;174.7;54.2;244;200;0;280;69.8;50;-13.4;0.5;41.8;36.4;-56;-56.8
22386;1;1;174.8;54;244.6;200;0;280;69.3;50;-13.4;0.5;42;36.6;-56.1;-56.8
22486;1;1;175;53.9;245.1;200;0;280;68.9;50;-13.4;0.5;42.2;36.7;-56.1;-56.8
22586;1;1;175.1;53.7;246;200;0;280;68.3;50;-13.4;0.5;42.5;36.9;-56.2;-56.8
22686;1;1;175.4;53.5;246.2;200;0;280;67.8;50;-13.4;0.6;42.6;37.2;-56.2;-56.8
22786;1;1;175.6;53.3;246.8;200;0;280;67.4;50;-13.4;0.6;42.8;37.4;-56.2;-56.8
22886;1;1;175.8;53.2;247.1;200;0;280;67;50;-13.4;0.7;43;37.5;-56.3;-56.8
22986;1;1;175.9;53.1;247.7;200;0;280;66.7;50;-13.4;0.7;43.2;37.6;-56.3;-56.8
23086;1;1;176.3;53;248.3;200;0;280;66.2;50;-13.4;0.8;43.4;37.8;-56.4;-56.9
23186;1;1;176.4;53;248.9;200;0;280;65.8;50;-13.4;0.8;43.6;37.9;-56.4;-56.9
23286;1;1;176.7;52.9;249.3;200;0;280;65.5;50;-13.4;0.9;43.8;38.1;-56.4;-56.9
23386;1;1;176.8;52.7;249.9;200;0;280;65;50;-13.4;0.9;43.9;38.2;-56.4;-56.9
23486;1;1;176.9;52.6;250.4;200;0;280;64.7;50;-13.4;0.9;44.1;38.3;-56.5;-56.9
23586;1;1;177.1;52.4;250.7;200;0;280;64.3;50;-13.4;1;44.3;38.5;-56.6;-56.8
23686;1;1;177.3;52.1;251.5;200;0;280;63.6;50;-13.4;1;44.6;38.8;-56.7;-56.8
23786;1;1;177.6;52.3;251.9;200;0;280;63.5;50;-13.4;1.1;44.7;38.8;-56.7;-56.9
23887;1;1;177.7;52.1;252.5;200;0;280;63;50;-13.4;1.1;44.9;38.9;-56.7;-56.9
23986;1;1;178;51.9;252.8;200;0;280;62.6;50;-13.4;1.1;45.1;39.1;-56.8;-56.8
24086;1;1;178;51.9;253.4;200;0;280;62.3;50;-13.4;1.1;45.3;39.2;-56.8;-56.9
24186;1;1;178.3;51.7;253.7;200;0;280;61.9;50;-13.4;1.2;45.4;39.4;-56.9;-56.8
24286;1;1;178.4;51.7;254.5;200;0;280;61.5;50;-13.4;1.2;45.7;39.5;-57;-56.9
24386;1;1;178.4;51.5;254.8;200;0;280;61.3;50;-13.4;1.2;45.8;39.6;-57;-56.9
24486;1;1;178.8;51.2;255.1;200;0;280;60.7;50;-13.4;1.3;46;39.6;-57;-56.8
24587;1;1;178.9;51.2;256;200;0;280;60.3;50;-13.4;1.3;46.2;39.7;-57;-56.9
24687;1;1;179;51;256.6;200;0;280;59.9;50;-13.4;1.3;46.4;39.9;-57.1;-56.9
24787;1;1;179.3;50.6;256.6;200;0;280;59.5;50;-13.3;1.4;46.5;40;-57.2;-56.9
24887;1;1;179.4;50.5;257.5;200;0;280;59;50;-13.3;1.4;46.8;40.1;-57.2;-56.8
24987;1;1;179.7;50.2;257.8;200;0;280;58.6;50;-13.3;1.5;46.9;40.3;-57.3;-56.8
25087;1;1;179.7;50.1;258.3;200;0;280;58.2;50;-13.3;1.5;47.1;40.5;-57.4;-56.9
25187;1;1;180;50;258.7;200;0;280;57.9;50;-13.3;1.6;47.3;40.6;-57.4;-56.8
25287;1;1;180.1;49.8;259.2;200;0;280;57.5;50;-13.3;1.6;47.5;40.9;-57.5;-56.9
25387;1;1;180.4;49.7;259.6;200;0;280;57.2;50;-13.3;1.7;47.6;41;-57.5;-56.9
25487;1;1;180.4;49.6;260.1;200;0;280;56.9;50;-13.3;1.7;47.8;41.1;-57.6;-56.9
25587;1;1;180.7;49.4;260.4;200;0;280;56.5;50;-13.3;1.8;48;41.3;-57.7;-56.9
25687;1;1;180.7;49.3;261;200;0;280;56.2;50;-13.3;1.8;48.2;41.4;-57.7;-56.9
25787;1;1;180.9;48.8;261.5;200;0;280;55.6;50;-13.3;1.8;48.3;41.8;-57.8;-56.9
25887;1;1;181.1;48.8;261.8;200;0;280;55.4;50;-13.3;1.8;48.5;41.8;-57.9;-56.9
25987;1;1;181.2;48.7;262.4;200;0;280;55.1;50;-13.3;1.8;48.7;42;-57.9;-56.9
26087;1;1;181.5;48.6;262.8;200;0;280;54.8;50;-13.3;1.9;48.9;42.2;-57.9;-56.9
26187;1;1;181.5;48.4;263.3;200;0;280;54.4;50;-13.3;1.9;49;42.4;-58;-56.9
26287;1;1;181.6;48.2;263.9;200;0;280;54.1;50;-13.3;1.9;49.2;42.5;-58.1;-56.9
26387;1;1;181.9;48.1;264.5;200;0;280;53.6;50;-13.3;2;49.5;42.7;-58.1;-56.9
26487;1;1;182.1;48;264.5;200;0;280;53.5;50;-13.3;2.1;49.6;42.8;-58.2;-56.9
26587;1;1;182.2;47.8;265.5;200;0;280;53.1;50;-13.3;2.1;49.8;43;-58.2;-56.9
26687;1;1;182.4;47.7;265.5;200;0;280;52.9;50;-13.3;2.2;49.9;43.1;-58.3;-56.9
26787;1;1;182.5;47.5;266.3;200;0;280;52.5;50;-13.3;2.2;50.2;43.2;-58.4;-56.9
26887;1;1;182.6;47.4;266.6;200;0;280;52.2;50;-13.3;2.2;50.3;43.4;-58.4;-56.9
26987;1;1;182.8;47.3;266.9;200;0;280;52;50;-13.3;2.3;50.4;43.5;-58.4;-56.9
27087;1;1;182.9;47.1;267.5;200;0;280;51.7;50;-13.3;2.3;50.6;43.7;-58.4;-56.9
27187;1;1;183.1;47;268.2;200;0;280;51.3;50;-13.3;2.4;50.9;43.9;-58.5;-56.9
27287;1;1;183.2;46.7;268.4;200;0;280;51;50;-13.3;2.4;51;44;-58.6;-56.9
27388;1;1;183.2;46.7;269;200;0;280;50.8;50;-13.3;2.4;51.2;44.1;-58.6;-56.9
27488;1;1;183.4;46.5;269.3;200;0;280;50.5;50;-13.3;2.5;51.3;44.2;-58.7;-56.8
27588;1;1;183.5;46.1;269.9;200;0;280;50;50;-13.3;2.5;51.5;44.4;-58.7;-56.5
27688;1;1;183.8;45.9;270.8;200;0;280;49.5;50;-13.3;2.5;51.9;44.6;-58.8;-56.4
27788;1;1;184.2;45.2;271.7;200;0;280;48.6;50;-13.1;2.6;52.2;44.6;-58.9;-56.3
27886;1;1;184.5;44;273.1;200;0;280;47.2;50;-12.8;2.6;52.6;44.8;-59;-56.2
27986;1;1;184.7;43.4;274.7;200;0;280;46.3;50;-12.7;2.6;53.1;44.9;-59;-56.2
28086;1;1;185.2;42.5;276.2;200;0;280;45.2;50;-12.5;2.7;53.6;45.1;-59;-56
28186;1;1;185.5;42;277.5;200;0;280;44.5;50;-12.4;2.8;54.1;45.3;-59;-55.9
28286;1;1;185.8;40.6;278.7;200;0;280;43;50;-12;2.8;54.4;45.4;-59;-55.7
28386;1;1;186.5;39.6;279.2;200;0;280;41.9;50;-11.8;3;54.7;45.6;-59;-55.7
28486;1;1;186.7;38.6;279.7;200;0;280;40.9;50;-11.6;3;54.8;45.8;-59.1;-55.5
28587;1;1;186.9;38.2;280;200;0;280;40.4;50;-11.5;3.1;55;45.9;-59.2;-55.5
28686;1;1;187.3;37;280.3;200;0;280;39.1;50;-11.2;3.2;55.2;46.1;-59.2;-55.2
28786;1;1;187.8;36;281;200;0;280;38;50;-11;3.3;55.5;46.2;-59.2;-55.2
28886;1;1;188;35.2;281.2;200;0;280;37.2;50;-10.8;3.3;55.6;46.4;-59.4;-55.2
28986;1;1;188.5;34;281;200;0;280;35.9;50;-10.5;3.4;55.6;46.6;-59.4;-55
29086;1;1;189.1;32.9;281.3;200;0;280;34.7;50;-10.3;3.6;55.9;46.7;-59.5;-54.8
29186;1;1;190;29.8;281.4;200;0;280;31.5;50;-9.5;3.8;56.1;47.1;-59.5;-54.7
29286;1;1;191.2;26.7;281.3;200;0;280;28.1;44;-8.6;4;56.2;47.5;-59.6;-54.8
29386;1;1;191.9;24.8;281.2;200;0;280;26.1;37.8;-8.1;4.2;56.3;47.7;-59.5;-54.8
29486;1;1;192.4;22.4;281.2;200;0;280;23.7;23.1;-7.5;4.3;56.4;48;-59.6;-54.8
29586;1;1;192.8;21.5;281.3;200;0;280;22.7;22.4;-7.2;4.4;56.5;48.1;-59.6;-54.8
29687;1;1;193.3;20.9;280.8;200;0;280;21.9;21.6;-7;4.6;56.5;48.2;-59.6;-54.8
29786;1;1;193.4;19.9;280.8;200;0;280;21;20.5;-6.8;4.6;56.5;48.3;-59.6;-54.8
29886;1;1;194;18.7;280.7;200;0;280;19.6;18.7;-6.4;4.7;56.6;48.3;-59.6;-54.8
29986;1;1;194.3;18.1;280.7;200;0;280;19;17.7;-6.2;4.8;56.7;48.3;-59.6;-54.8
30086;1;1;194.4;17.2;281.3;200;0;280;18.2;16.3;-6;4.8;56.9;48.3;-59.6;-54.8
30186;1;1;194.6;16.6;281.4;200;0;280;17.5;15;-5.8;4.9;57;48.3;-59.6;-54.8
30286;1;1;195;15.5;281.2;200;0;280;16.3;12;-5.4;5;57;48.3;-59.6;-54.8
30387;1;1;195.3;14.8;281.2;200;0;280;15.6;10.5;-5.3;5.1;57;48.4;-59.6;-54.8
30487;1;1;195.5;14.5;281;200;0;280;15.2;9.8;-5.2;5.2;57;48.4;-59.6;-54.8
30587;1;1;195.8;13.2;281;200;0;280;13.9;7.4;-4.8;5.3;57.1;48.5;-59.6;-54.7
30687;1;1;196.1;12.6;280.8;200;0;280;13.2;6.4;-4.7;5.4;57.1;48.6;-59.6;-54.8
30787;1;1;196.4;12.1;280.9;200;0;280;12.6;5.6;-4.5;5.4;57.2;48.5;-59.6;-54.8
30887;1;1;196.4;11.4;281.2;200;0;280;12;6.8;-4.3;5.4;57.3;48.6;-59.6;-54.8
30987;1;1;196.7;11.1;281.2;200;0;280;11.7;6.7;-4.2;5.5;57.4;48.6;-59.6;-54.8
31087;1;1;197.2;10.1;281.4;200;0;280;10.6;6.1;-4;5.7;57.6;48.7;-59.6;-54.8
31187;1;1;197.2;9.8;281.1;200;0;280;10.3;5.9;-3.9;5.7;57.5;48.7;-59.6;-54.8
31287;1;1;197.5;8.9;281.1;200;0;280;9.3;5.3;-3.6;5.8;57.6;48.8;-59.6;-54.8
31387;1;1;198;8.8;280.6;200;0;280;9.1;5.3;-3.6;6;57.6;48.9;-59.6;-54.8
31487;1;1;198.2;8.2;280.7;200;0;280;8.4;4.9;-3.4;6.1;57.7;48.9;-59.6;-54.8
31587;1;1;198.3;7.6;281;200;0;280;7.9;4.6;-3.3;6.1;57.7;48.9;-59.6;-54.8
31687;1;1;198.7;7.3;281.1;200;0;280;7.5;4.4;-3.2;6.2;57.9;48.9;-59.6;-54.8
31787;1;1;198.8;6.8;281.1;200;0;280;7;4.1;-3.1;6.2;57.9;49;-59.6;-54.8
31887;1;1;199;6.6;281.2;200;0;280;6.7;3.9;-3;6.3;58;49;-59.6;-54.8
31987;1;1;199.3;6.3;281.2;200;0;280;6.4;3.8;-2.9;6.4;58.1;49;-59.6;-54.8
32087;1;1;199.5;6;281;200;0;280;6.1;3.6;-2.8;6.5;58.1;49;-59.6;-54.8
32187;1;1;199.7;5.7;281;200;0;280;5.8;3.4;-2.7;6.6;58.2;49;-59.6;-54.8
32287;1;1;200;5.6;281.1;200;0;280;5.7;3.4;-2.7;6.7;58.3;49.1;-59.6;-54.8
32387;1;1;200.2;5;280.9;200;0;280;5.1;3;-2.5;6.8;58.3;49.1;-59.6;-54.8
32487;1;1;200.5;5;281.2;200;0;280;5.2;3;-2.5;6.9;58.4;49.1;-59.6;-54.8
32587;1;1;200.7;4.7;281;200;0;280;4.9;2.8;-2.5;6.9;58.4;49.1;-59.6;-54.8
32687;1;1;201;4.3;281;200;0;280;4.5;2.6;-2.4;7;58.5;49.2;-59.6;-54.8
32787;1;1;201.2;3.8;280.8;200;0;280;4.1;2.3;-2.2;7.1;58.5;49.1;-59.6;-54.8
32887;1;1;201.2;3.7;280.8;200;0;280;4;2.2;-2.2;7.1;58.5;49.2;-59.6;-54.8
32987;1;1;201.2;3.4;280.8;200;0;280;3.7;2;-2.1;7.1;58.5;49.2;-59.6;-54.8
33087;1;1;201.2;3.1;280.8;200;0;280;3.4;1.9;-2;7.1;58.5;49.2;-59.6;-54.8
33187;1;1;201.2;2.7;280.8;200;0;280;3.1;1.6;-1.9;7.1;58.5;49.3;-59.6;-54.8
33288;1;1;201.2;2.8;280.8;200;0;280;3.1;1.7;-1.9;7.1;58.5;49.2;-59.6;-54.8
33387;1;1;201.2;2.5;280.8;200;0;280;2.9;1.5;-1.8;7.1;58.5;49.2;-59.6;-54.8
33487;1;1;201.2;2.2;280.8;200;0;280;2.6;1.3;-1.8;7.1;58.5;49.2;-59.6;-54.8
33587;1;1;201.2;2.1;280.8;200;0;280;2.5;1.2;-1.8;7.1;58.5;49.3;-59.6;-54.8
33687;1;1;201.2;1.9;280.8;200;0;280;2.4;1.2;-1.7;7.1;58.5;49.2;-59.6;-54.8
33787;1;1;201.2;1.5;280.8;200;0;280;2.1;1.2;-1.6;7.1;58.5;49.2;-59.6;-54.8
33887;1;1;201.2;1.5;280.8;200;0;280;2.1;1.2;-1.6;7.1;58.5;49.2;-59.6;-54.8
33987;1;1;201.2;1.2;280.8;200;0;280;1.9;1.2;-1.5;7.1;58.5;49.2;-59.6;-54.8
34087;1;1;201.2;0.9;280.5;200;0;280;1.6;1.2;-1.4;7.1;58.4;49.2;-59.6;-54.8
34187;1;1;201;0.8;280.7;200;0;280;1.5;1;-1.4;7;58.4;49.3;-59.6;-54.8
40547;2;31;200.7;1.2;280.1;200;80;280;78.8;20.6;-1.5;6.9;58.2;49.2;-59.6;-54.8
40647;2;41;200.7;1.8;280.4;200;80;280;78.2;22.2;-1.7;6.9;58.3;49.2;-59.6;-54.8
40747;2;41;200.7;2.9;280.4;200;80;280;77.1;23.6;-1.9;6.9;58.3;49.1;-59.6;-54.8
40847;2;41;200.9;4.7;280.1;200;80;280;75.3;21.4;-2.5;7;58.3;49.1;-59.6;-54.8
40947;2;41;200.7;5.7;280.3;200;80;280;74.3;21;-2.7;6.9;58.3;49;-59.6;-54.8
41047;2;41;200.9;6.6;280.1;200;80;280;73.4;22.2;-3;7;58.3;49.1;-59.6;-54.8
41147;2;41;200.8;7.6;280.1;200;80;280;72.4;21.2;-3.3;7;58.3;49;-59.6;-54.8
41247;2;41;200.8;8.4;280.1;200;80;280;71.6;22.8;-3.5;7;58.3;49.1;-59.6;-54.8
41347;2;41;200.8;9.7;280.1;200;80;280;70.3;22.1;-3.9;7;58.3;49;-59.6;-54.8
41447;2;41;200.7;11;280.4;200;80;280;69;21.5;-4.2;7;58.4;49;-59.6;-54.8
41547;2;41;200.6;12;280.4;200;80;280;68;21.9;-4.5;7;58.4;49;-59.6;-54.8
41647;2;41;200.8;12.9;280.1;200;80;280;67.1;23.1;-4.7;7.1;58.4;49;-59.6;-54.8
41748;2;41;200.6;14.6;280.1;200;80;280;65.4;21;-5.2;7.1;58.4;48.8;-59.7;-54.8
41847;2;41;200.8;15.5;280.1;200;80;280;64.5;22.4;-5.4;7.2;58.4;48.8;-59.7;-54.8
41948;2;41;200.8;16.9;280.8;200;80;280;63.1;21.8;-5.8;7.2;58.6;48.7;-59.6;-54.8
42046;2;41;200.9;17.4;280.2;200;80;280;62.6;22.3;-6;7.3;58.5;48.8;-59.6;-54.8
42146;2;41;200.8;18.4;280.5;200;80;280;61.6;21.5;-6.2;7.3;58.6;48.7;-59.7;-54.8
42246;2;41;200.9;20.1;280.3;200;80;280;59.9;22.4;-6.7;7.4;58.6;48.6;-59.6;-54.8
42346;2;41;200.8;21;280.3;200;80;280;59;22.2;-6.9;7.4;58.6;48.6;-59.6;-54.8
42446;2;41;200.9;22.3;280.3;200;80;280;57.7;22.2;-7.3;7.5;58.7;48.5;-59.7;-54.8
42546;2;41;200.8;23.4;280.6;200;80;280;56.6;22.2;-7.6;7.5;58.8;48.4;-59.6;-54.8
42646;2;41;200.9;24.3;280.3;200;80;280;55.7;22.9;-7.8;7.6;58.8;48.4;-59.7;-54.8
42746;2;41;200.7;25.8;280.3;200;80;280;54.2;22;-8.3;7.6;58.8;48.4;-59.7;-54.8
42847;2;41;200.9;26.9;280.1;200;80;280;53.1;22.2;-8.5;7.6;58.8;48.4;-59.6;-54.8
42946;2;41;200.9;27.8;279.8;200;80;280;52.2;22.7;-8.8;7.7;58.8;48.4;-59.7;-54.8
43046;2;41;200.7;29;280.1;200;80;280;51;22.8;-9.1;7.7;58.9;48.4;-59.7;-54.8
43146;2;41;200.8;30.3;279.9;200;80;280;49.7;22.2;-9.5;7.8;58.9;48.4;-59.7;-54.8
43246;2;41;200.8;31.5;279.9;200;80;280;48.5;22.3;-9.8;7.9;59;48.4;-59.7;-54.8
43346;2;41;200.7;32.5;280.3;200;80;280;47.5;22.6;-10.1;7.9;59.1;48.4;-59.6;-54.8
43446;2;41;200.8;33.4;280.3;200;80;280;46.6;22.8;-10.4;8;59.2;48.4;-59.7;-54.8
43546;2;41;200.7;35;280.3;200;80;280;45;21.7;-10.8;8.1;59.2;48.4;-59.7;-54.8
43646;2;41;200.8;36.1;280.1;200;80;280;43.9;21.9;-11.1;8.2;59.2;48.3;-59.7;-54.8
43746;2;41;200.6;37.2;280.4;200;80;280;42.8;20.8;-11.4;8.2;59.3;48.4;-59.7;-54.8
43846;2;41;200.6;38.3;280.1;200;80;280;41.7;22.9;-11.7;8.3;59.3;48.3;-59.7;-54.8
43946;2;41;200.7;39.2;280.5;200;80;280;40.9;21.7;-12;8.3;59.5;48.4;-59.7;-54.8
44046;2;41;200.6;40.8;280.2;200;80;280;39.2;22.6;-12.4;8.4;59.5;48.3;-59.7;-54.8
44146;2;41;200.7;41.8;280.3;200;80;280;38.2;22.7;-12.7;8.5;59.6;48.3;-59.7;-54.8
44246;2;41;200.7;43.1;280.1;200;80;280;36.9;21.8;-13;8.6;59.6;48.3;-59.6;-54.8
44346;2;41;200.7;43.9;280.4;200;80;280;36.1;22.5;-13.2;8.7;59.8;48.3;-59.6;-54.8
44446;2;41;200.7;44.8;280.4;200;80;280;35.2;23.1;-13.4;8.8;59.9;48.3;-59.7;-54.8
44546;2;41;200.9;46.2;280.2;200;80;280;33.8;21.9;-13.8;9;59.9;48.3;-59.7;-54.8
44646;2;41;200.9;47.5;280.2;200;80;280;32.6;21.9;-14.2;9.1;60;48.3;-59.7;-54.8
44746;2;41;200.9;48.4;280.3;200;80;280;31.6;22.1;-14.4;9.1;60.1;48.3;-59.7;-54.8
44846;2;41;200.9;49.1;280.3;200;80;280;30.9;22.6;-14.6;9.2;60.2;48.3;-59.7;-54.8
44946;2;41;200.8;50.7;280.1;200;80;280;29.3;22.8;-15;9.3;60.2;48.3;-59.7;-54.8
45046;2;41;200.8;51.7;280.4;200;80;280;28.3;21.5;-15.3;9.4;60.4;48.3;-59.7;-54.8
45146;2;41;200.8;53.5;279.9;200;80;280;26.6;21.9;-15.7;9.6;60.4;48.2;-59.7;-54.8
45247;2;41;200.7;54.8;280.2;200;80;280;25.3;21.2;-16.1;9.7;60.6;48.2;-59.7;-54.8
45347;2;41;200.6;56.1;280.3;200;80;280;24;21.9;-16.4;9.8;60.6;48.2;-59.7;-54.8
45447;2;41;200.6;57;280.6;200;80;280;23;22.3;-16.7;9.8;60.8;48.2;-59.7;-54.8
45547;2;41;200.7;58.4;280.7;200;80;280;21.6;22.3;-17.1;10;61;48.2;-59.7;-54.8
45647;2;41;200.8;59.8;280.2;200;80;280;20.2;21.6;-17.4;10.2;61;48.2;-59.7;-54.8
45747;2;41;200.8;60.5;280.5;200;80;280;19.6;22.9;-17.6;10.3;61.2;48.2;-59.7;-54.8
45847;2;41;200.8;62.2;280.3;200;80;280;17.9;22.4;-18;10.5;61.3;48.2;-59.7;-54.8
45947;2;41;200.6;63.5;280.4;200;80;280;16.6;23.1;-18.4;10.5;61.3;48.2;-59.7;-54.8
46116;3;41;200.6;65.9;280.5;201;80;280;14.1;22.4;-19;10.8;61.6;48.2;-59.7;-54.8
46216;3;41;200.7;67.2;280.2;201;80;280;12.8;21.8;-19.3;11;61.7;48.2;-59.7;-54.8
46316;3;41;200.6;68.2;280.6;201;80;280;11.8;22.8;-19.6;11.1;61.9;48.2;-59.7;-54.8
46416;3;41;200.6;69.6;280.7;201;80;280;10.4;21.9;-20;11.2;62.1;48.2;-59.7;-54.8
46516;3;41;200.4;70.9;280.4;201;80;280;9.1;21.5;-20.3;11.3;62.1;48.2;-59.7;-54.8
46637;4;41;200.4;72.3;280.5;202;80;280;7.8;21.5;-20.7;11.5;62.2;48.2;-59.7;-54.8
46737;4;41;200.5;73.5;280.2;202;80;280;6.6;21.3;-20.9;11.7;62.3;48.1;-59.7;-54.8
46837;4;41;200.3;74.8;280.9;202;80;280;5.4;21.3;-21.3;11.8;62.6;48.1;-59.7;-54.8
46937;4;41;200.4;75.9;280.6;202;80;280;4.4;21.6;-21.5;12;62.7;48.1;-59.7;-54.8
47037;4;41;200.6;76.7;280.7;202;80;280;3.6;22.7;-21.7;12.1;62.8;48.1;-59.7;-54.8
47157;5;41;200.7;78.5;281.1;203;80;280;2.9;21.8;-22.1;12.4;63.2;48.1;-59.7;-54.8
47257;5;41;201.8;79;280.7;203;80;280;1.6;22.6;-22.1;12.8;63.5;48.1;-59.7;-54.8
47377;6;41;202.5;79.7;280.8;204;80;280;1.6;22.1;-22.2;13.2;63.8;48.1;-59.7;-54.8
47487;7;41;203.5;80;281.2;205;80;280;2;22;-22.2;13.5;64.2;48.2;-59.7;-54.8
47657;9;41;205.6;79.2;280.8;207;79;280;1.6;22.3;-21.9;14.2;64.7;48.3;-59.7;-54.8
47867;11;41;207.4;79.1;280.6;209;79;280;1.6;22.4;-21.7;14.8;65.2;48.4;-59.7;-54.8
47977;12;41;208.5;79;280.7;210;79;280;1.6;21.7;-21.6;15.1;65.6;48.5;-59.7;-54.8
48117;13;51;209.5;78.3;280.8;211;78;280;1.5;21.1;-21.4;15.4;65.8;48.5;-59.7;-54.8
48478;17;51;212.9;76.9;281.3;214;77;280;2.1;21;-20.7;16.3;66.9;48.6;-59.7;-54.8
48727;19;51;214.7;76.2;281.1;216;76;280;2;23.1;-20.5;16.9;67.3;48.9;-59.7;-54.8
48956;21;51;216.3;75.2;281.2;218;75;280;2.1;22.1;-20.1;17.3;67.8;49;-59.7;-54.8
49246;2;42;218.3;74;280.6;220;73;280;2.4;16.2;-19.7;17.8;68.1;49;-59.7;-54.8
49346;2;49;218.8;73.8;280.6;220;73;280;1.9;21.4;-19.6;18;68.3;49;-59.7;-54.8
49478;4;49;219.9;73;280.4;222;71;280;2.5;22.2;-19.3;18.3;68.5;49.1;-59.7;-54.8
49727;6;49;221.8;71;280.4;223;70;280;1.7;22.1;-18.7;18.7;68.9;49.1;-59.7;-54.8
49836;7;49;222.5;70.2;279.8;223;69;280;1.7;21.1;-18.5;18.9;68.9;49;-59.7;-54.8
50057;10;49;223.7;68.1;280.1;225;66;280;2.3;21.9;-17.9;19.1;69.2;49.2;-59.7;-54.8
50377;13;49;225.2;64.8;280.1;226;63;280;1.6;23.3;-17.1;19.2;69.3;49.2;-59.7;-54.8
50486;15;49;225.6;63.4;280.1;226;61;280;2.2;21.3;-16.7;19.2;69.3;49.2;-59.7;-54.8
50737;17;49;226;60.9;280.1;226;59;280;1.6;23;-16.1;19.2;69.3;49.3;-59.7;-54.8
50918;19;49;226;59;279.8;226;57;280;1.7;22.2;-15.6;19;69;49.3;-59.7;-54.8
51138;2;39;225.7;57;280;225;54;280;2.7;22.7;-15.2;18.7;68.8;49.3;-59.8;-54.8
51238;2;39;225.3;56.5;279.7;225;54;280;2.1;21.7;-15.1;18.5;68.6;49.3;-59.9;-54.8
51416;4;39;225;54;279.6;224;53;280;1.7;22.9;-14.6;18.3;68.3;49.4;-60;-54.8
51527;5;39;224.5;53;279.2;224;52;280;1.7;22;-14.4;18;67.9;49.6;-60;-54.8
51817;8;39;223;50.8;279.2;222;49;280;2;21.9;-14;17.3;67.2;49.6;-60;-54.8
51957;9;39;222.3;49.9;279.7;221;49;280;1.7;22.6;-13.8;17;67.1;49.6;-60;-54.8
52066;10;39;221.5;48.9;279.4;221;48;280;1.6;22;-13.6;16.6;66.6;49.6;-60;-54.8
52267;12;49;220.3;47.6;279.3;219;46;280;1.8;22.2;-13.4;16.1;66.1;49.6;-60;-54.8
52388;13;49;219.6;47.3;279.2;218;46;280;2.1;23.1;-13.4;15.8;65.8;49.7;-60;-54.8
52517;14;49;218.8;46.5;279.1;218;45;280;2;22.3;-13.2;15.5;65.5;49.6;-60;-54.8
52747;16;49;217;45.4;279.3;216;44;280;1.9;22.1;-13;14.8;64.9;49.6;-60;-54.8
52887;17;49;216.2;44.9;279.2;215;44;280;1.9;21.7;-12.9;14.4;64.5;49.6;-60;-54.8
53117;19;49;214.4;44.1;279.9;213;43;280;1.8;21.6;-12.8;13.7;64.1;49.6;-60;-54.8
53246;20;49;213.5;43.2;279.2;212;42;280;1.7;21.9;-12.7;13.4;63.5;49.6;-60;-54.8
53378;2;40;212.8;43.1;279.4;210;42;280;2.9;8;-12.7;13.1;63.4;49.6;-60;-54.8
53478;2;49;212.1;42.9;279.3;210;42;280;2.2;22.6;-12.7;12.8;63.1;49.6;-60;-54.8
53667;3;49;210.5;42.4;279.4;209;41;280;1.6;21.5;-12.7;12.2;62.6;49.7;-60.1;-54.8
53876;6;49;208.7;41.4;279.4;207;41;280;2.4;21.3;-12.5;11.5;62;49.6;-60.1;-54.8
53976;6;49;208;41.3;279.3;207;41;280;1.7;22.6;-12.5;11.2;61.7;49.6;-60.1;-54.8
54188;8;49;206.1;40.8;279.2;205;40;280;1.8;22.5;-12.5;10.5;61.1;49.6;-60.2;-54.8
54297;9;49;204.9;40.6;279.3;204;40;280;1.6;21.4;-12.5;10.1;60.7;49.6;-60.2;-54.8
54486;11;49;203.6;40.2;279.7;202;40;280;2;6.4;-12.5;9.6;60.4;49.7;-60.2;-54.8
54586;11;49;203.3;40.1;279.3;202;40;280;1.8;6.4;-12.5;9.5;60.2;49.6;-60.3;-54.8
54686;12;49;202.8;40;279.8;201;40;280;2.2;6.4;-12.5;9.3;60.2;49.6;-60.3;-54.8
54787;12;49;202.6;40;280.1;201;40;280;2;6.4;-12.5;9.2;60.2;49.6;-60.3;-54.8
54887;12;49;202.4;39.8;280;201;40;280;1.8;6.8;-12.5;9.1;60.1;49.7;-60.3;-54.8
54987;12;49;202.1;39.9;280.3;201;40;280;1.6;7.3;-12.5;9.1;60.1;49.6;-60.3;-54.8
55157;17;49;202.4;39.9;280.3;204;40;280;1.7;22;-12.5;9.1;60.2;49.6;-60.3;-54.8
55277;18;49;203.3;40.1;281.1;205;40;280;2;22.1;-12.5;9.5;60.7;49.7;-60.3;-54.8
55437;19;49;204.9;39.7;281.1;206;40;280;1.5;21.4;-12.3;10;61.2;49.7;-60.3;-54.8
55647;2;39;206;39.9;280.7;209;39;280;3.1;8;-12.3;10.5;61.4;49.7;-60.3;-54.8
55746;2;49;206.7;40.1;281.1;209;39;280;2.6;21.2;-12.3;10.7;61.8;49.7;-60.3;-54.8
55846;2;49;207.8;39.9;281.6;209;39;280;2.1;21.5;-12.2;11.1;62.2;49.8;-60.3;-54.8
55986;3;49;208.9;39;281.4;210;39;280;1.7;22.1;-12;11.4;62.5;49.9;-60.3;-54.8
56106;5;49;209.8;39.2;280.6;212;38;280;2.3;22.6;-12;11.8;62.6;49.9;-60.3;-54.8
56378;7;49;212.2;38.3;280.9;214;38;280;1.9;22;-11.6;12.6;63.4;50;-60.3;-54.8
56596;9;49;214;37.5;280.6;216;37;280;1.8;22.4;-11.3;13.2;63.8;50.1;-60.3;-54.8
56707;10;49;215;37.6;280.7;217;37;280;1.9;21.9;-11.3;13.5;64.2;50.3;-60.3;-54.8
56847;12;49;216.4;36.8;280.8;218;36;280;2.4;21.3;-11.1;14;64.6;50.3;-60.3;-54.8
56946;12;49;217.1;36.5;280.6;218;36;280;1.5;22.6;-11;14.2;64.8;50.4;-60.3;-54.8
57137;14;49;218.8;35.4;281;220;35;280;1.8;21.7;-10.6;14.8;65.4;50.4;-60.3;-54.8
57257;16;49;219.9;34.8;280.8;222;34;280;2.3;22.3;-10.5;15.1;65.7;50.5;-60.3;-54.8
57447;17;49;221.4;34.2;281;223;33;280;1.8;21.9;-10.3;15.6;66.2;50.7;-60.3;-54.8
57616;19;49;222.9;32.5;280.8;224;32;280;1.6;21.9;-9.8;16.1;66.5;50.9;-60.3;-54.8
57836;2;39;224.2;31.6;280.2;226;30;280;2.7;16.1;-9.6;16.5;66.8;51;-60.3;-54.8
57936;2;39;224.6;30.9;281.2;226;30;280;2.3;20.8;-9.4;16.6;67.1;51.1;-60.3;-54.8
58137;4;39;226.3;28.9;280.7;227;28;280;1.5;20.7;-8.9;17.1;67.5;51.2;-60.3;-54.8
58306;6;39;227.4;27.9;280.7;228;26;280;1.9;22.8;-8.6;17.5;67.9;51.3;-60.3;-54.8
58426;8;39;228.1;26.5;280.1;229;25;280;2.2;21.2;-8.3;17.7;67.9;51.4;-60.3;-54.8
58739;11;49;229.4;23.2;280.2;230;22;280;1.5;22.3;-7.5;18;68.2;51.7;-60.3;-54.8
58918;13;49;229.8;21.7;279.9;230;20;280;2;21;-7.1;18.1;68.2;51.8;-60.3;-54.8
59136;15;49;229.8;19.5;279.9;230;18;280;1.8;21.8;-6.6;18;68.1;51.9;-60.3;-54.8
59316;17;49;229.7;17.2;279.9;229;16;280;1.5;20.4;-6.1;17.9;68;51.9;-60.3;-54.8
59507;20;49;229.3;15;279.6;228;13;280;2.3;21.5;-5.5;17.8;67.8;52;-60.3;-54.8
59677;21;53;228.5;13.5;279.9;228;12;280;1.6;21.7;-5.2;17.4;67.5;52;-60.3;-54.8
59786;23;53;227.8;12;279.5;226;11;280;2.1;21.1;-4.8;17.1;67.1;52;-60.3;-54.8
59966;24;53;226.9;10.9;279.2;226;10;280;1.8;21.4;-4.6;16.8;66.7;52;-60.3;-54.8
60087;25;53;226.4;9.8;279.2;225;9;280;1.8;22.5;-4.3;16.6;66.5;52;-60.3;-54.8
60296;27;53;224.8;9;279.4;224;8;280;1.9;22.7;-4.1;16;66;52;-60.3;-54.8
60427;28;53;224;8.2;279.3;223;7;280;1.8;21.6;-4;15.7;65.7;52;-60.4;-54.8
60527;28;53;224.1;7.6;278.7;223;7;280;1.9;22.4;-3.8;15.7;65.6;52;-60.3;-54.8
60696;30;53;222.7;6.8;279.2;221;6;280;1.9;21.7;-3.6;15.2;65.2;52;-60.3;-54.8
60836;31;53;221.7;6.4;279.1;220;5;280;1.9;21.7;-3.5;14.9;64.9;52;-60.3;-54.8
61046;33;53;220.1;5.3;279.2;219;4;280;1.8;22;-3.3;14.2;64.3;52;-60.3;-54.8
61277;35;53;218.4;4.5;279.3;217;3;280;1.9;21.7;-3.1;13.6;63.8;52;-60.4;-54.8
61426;36;53;217.2;4.1;279.2;216;3;280;1.8;22.2;-3;13.2;63.4;52;-60.3;-54.8
61746;39;53;214.8;2.9;278.9;213;2;280;2.2;22.6;-2.7;12.3;62.5;52;-60.4;-54.8
61987;41;53;212.6;2.2;279.5;211;1;280;1.7;22.6;-2.5;11.5;62;52;-60.4;-54.8
62096;42;53;211.7;2.2;279.3;210;1;280;1.8;23;-2.5;11.2;61.6;52;-60.4;-54.8
62336;44;53;209.8;1.4;279.3;208;1;280;1.7;22.9;-2.4;10.5;61;52;-60.4;-54.8
62447;45;53;208.6;1.4;279.7;207;1;280;1.5;21.2;-2.4;10;60.7;52;-60.4;-54.8
62577;46;53;207.6;1.3;279;206;0;280;1.9;21.3;-2.4;9.7;60.2;52;-60.4;-54.8
62777;48;53;205.7;0.3;279.2;204;0;280;1.6;21.6;-2.1;9;59.7;52;-60.4;-54.8
62977;50;53;203.8;0.2;279.7;202;0;280;1.5;22;-2.1;8.3;59.2;52;-60.4;-54.8
63098;51;53;202.9;0.3;278.9;201;0;280;1.9;21.3;-2.1;7.9;58.7;51.9;-60.4;-54.8
