WP;Tx;Ty;Tz;Ax;Ay;Az;Ex;Ey;Ez;Enorm
1;200;0;280;199.5;-1.2;279.2;-0.5;-1.2;-0.8;1.526
2;200;80;280;200.4;79.3;280.9;0.4;-0.7;0.9;1.208
3;200.99972195263408;79.97936990752541;280;200.4;79.3;280.9;-0.6;-0.68;0.9;1.277
4;201.9980139922087;79.9217510336912;280;202.8;80.3;280.9;0.8;0.38;0.9;1.263
5;202.99410114847237;79.83371369779603;280;202.8;80.3;280.9;-0.19;0.47;0.9;1.032
6;203.98782434503065;79.72199647859985;280;204.5;79.9;280.8;0.51;0.18;0.8;0.966
7;204.97951677833726;79.59342233628203;280;205.7;79.5;280.6;0.72;-0.09;0.6;0.942
8;205.96987371832995;79.4548958703192;280;206.4;79.8;280.3;0.43;0.35;0.3;0.628
9;206.95690600260573;79.29516284589455;280;206.4;79.8;280.3;-0.56;0.5;0.3;0.809
10;207.93310121550655;79.07881303275583;280;207.7;79.1;280.4;-0.23;0.02;0.4;0.463
11;208.89772771399606;78.81547602728513;280;209.7;78.6;280.2;0.8;-0.22;0.2;0.854
12;209.85162507480914;78.51549258837443;280;209.7;78.6;280.2;-0.15;0.08;0.2;0.265
13;210.7964606915518;78.1880226968918;280;211.3;78.5;280.3;0.5;0.31;0.3;0.664
14;211.7344829276694;77.84147758319384;280;211.3;78.5;280.3;-0.43;0.66;0.3;0.844
15;212.66522868872394;77.47597652421392;280;213.3;77.1;280.1;0.63;-0.38;0.1;0.745
16;213.57860561945225;77.06906050062719;280;213.3;77.1;280.1;-0.28;0.03;0.1;0.298
17;214.47389124462748;76.6237144317524;280;213.3;77.1;280.1;-1.17;0.48;0.1;1.271
18;215.3514234148561;76.14431125346646;280;215.8;75.9;279.9;0.45;-0.24;-0.1;0.52
19;216.21141170047724;75.63409085288275;280;215.8;75.9;279.9;-0.41;0.27;-0.1;0.5
20;217.0538387556605;75.09536066042918;280;217.5;74.8;280;0.45;-0.3;0;0.535
21;217.87625822584994;74.52660827039058;280;217.5;74.8;280;-0.38;0.27;0;0.465
22;218.67337245166846;73.92290315486451;280;219;74;280;0.33;0.08;0;0.336
23;219.4438106620509;73.28550806428154;280;219.9;73.1;280.6;0.46;-0.19;0.6;0.776
24;220.18530194745563;72.6146694208746;280;219.9;73.1;280.6;-0.29;0.49;0.6;0.823
25;220.89422392230765;71.90952191625057;280;221.9;70.7;279.7;1.01;-1.21;-0.3;1.601
26;221.56573858924662;71.16867872918185;280;221.9;70.7;279.7;0.33;-0.47;-0.3;0.649
27;222.20619105840103;70.40075602273953;280;222.3;70.3;280;0.09;-0.1;0;0.138
28;222.81411739291482;69.6068700175564;280;223.1;69.4;280;0.29;-0.21;0;0.353
29;223.38088168707063;68.78314387578446;280;223.6;68.4;279.7;0.22;-0.38;-0.3;0.534
30;223.8945386211776;67.92538212155117;280;224.1;67.7;279.8;0.21;-0.23;-0.2;0.365
31;224.33848701442878;67.02967912463983;280;224.7;66.6;280.1;0.36;-0.43;0.1;0.57
32;224.75224290796308;66.11929302208452;280;224.7;66.6;280.1;-0.05;0.48;0.1;0.494
33;225.14926378312543;65.20155011704287;280;225.2;64.8;280.1;0.05;-0.4;0.1;0.417
34;225.49091800057127;64.26200608427284;280;225.5;63.8;280.1;0.01;-0.46;0.1;0.473
35;225.73095874455962;63.291986705853326;280;225.7;63;279.8;-0.03;-0.29;-0.2;0.355
36;225.8104307265494;62.29660497699337;280;225.7;63;279.8;-0.11;0.7;-0.2;0.74
37;225.8104307265494;61.29660480231862;280;225.9;61.5;279.8;0.09;0.2;-0.2;0.299
38;225.8104307265494;60.29660480231862;280;226.1;59.9;280.1;0.29;-0.4;0.1;0.501
39;225.8104307265494;59.29660480231862;280;226.1;59.9;280.1;0.29;0.6;0.1;0.677
40;225.8104307265494;58.29660480231862;280;225.8;57.9;280.1;-0.01;-0.4;0.1;0.409
41;225.80127976121398;57.29678749312576;280;225.8;57.9;280.1;0;0.6;0.1;0.611
42;225.64912187809304;56.30959730270086;280;225.5;56.3;279.8;-0.15;-0.01;-0.2;0.25
43;225.3612848532534;55.35243030733717;280;225.5;56.3;279.8;0.14;0.95;-0.2;0.978
44;224.99219762417968;54.42321139845172;280;225;54;279.8;0.01;-0.42;-0.2;0.468
45;224.58376015248456;53.5104479078261;280;225;54;279.8;0.42;0.49;-0.2;0.673
46;224.1674821187647;52.60123739727733;280;224;52.2;279.7;-0.17;-0.4;-0.3;0.528
47;223.692941047886;51.72130829647966;280;224;52.2;279.7;0.31;0.48;-0.3;0.643
48;223.15596759006428;50.877907941525656;280;223.4;51.3;279.4;0.24;0.42;-0.6;0.773
49;222.57123931074472;50.06681187205295;280;222.8;50.5;279.4;0.23;0.43;-0.6;0.775
50;221.94917771427427;49.28393489151286;280;221.4;49.1;279.9;-0.55;-0.18;-0.1;0.588
51;221.29723015859548;48.52574120766545;280;221.4;49.1;279.9;0.1;0.57;-0.1;0.592
52;220.61007136768603;47.79939143297619;280;220.9;48.1;279.6;0.29;0.3;-0.4;0.578
53;219.88736094620472;47.108373580228914;280;219.7;46.9;279.5;-0.19;-0.21;-0.5;0.573
54;219.13374141881036;46.45118296359512;280;218.5;46.6;280;-0.63;0.15;0;0.651
55;218.3522424056042;45.82739508546817;280;218.5;46.6;280;0.15;0.77;0;0.787
56;217.54467298360242;45.23775128740399;280;218;45.3;279.4;0.46;0.06;-0.6;0.756
57;216.7132798730461;44.68216233472923;280;217;45.2;279.3;0.29;0.52;-0.7;0.917
58;215.86368845955155;44.15480615916461;280;215.3;44;279.7;-0.56;-0.15;-0.3;0.657
59;214.99657626741913;43.65679282666985;280;215.3;44;279.7;0.3;0.34;-0.3;0.548
60;214.11185707225994;43.19079366098191;280;213.5;43.3;279.6;-0.61;0.11;-0.4;0.739
61;213.20925632064356;42.7604814257703;280;213.5;43.3;279.6;0.29;0.54;-0.4;0.732
62;212.28841712692565;42.37077170146501;280;212;42.6;279.3;-0.29;0.23;-0.7;0.791
63;211.35356196641598;42.01577344253202;280;210.6;42;279.6;-0.75;-0.02;-0.4;0.853
64;210.41307158931897;41.67599782385949;280;210.6;42;279.6;0.19;0.32;-0.4;0.548
65;209.46479157824217;41.35866337543822;280;209.9;41.8;279.5;0.44;0.44;-0.5;0.796
66;208.506691220841;41.072427943855736;280;208.7;41.5;279.7;0.19;0.43;-0.3;0.557
67;207.53740082235873;40.82687729072878;280;207.7;41.3;279.8;0.16;0.47;-0.2;0.539
68;206.55652955397733;40.632930714662024;280;207;41.1;279.7;0.44;0.47;-0.3;0.711
69;205.56711165062603;40.48799797271193;280;205.4;40.4;279.6;-0.17;-0.09;-0.4;0.442
70;204.5763129521976;40.35268073595114;280;204.5;40.2;279.1;-0.08;-0.15;-0.9;0.916
71;203.58386069748934;40.23013799543315;280;203.4;40;280.1;-0.18;-0.23;0.1;0.311
72;202.58919119201377;40.12723538427437;280;202.6;39.8;280.2;0.01;-0.33;0.2;0.384
73;201.5921556388649;40.050759544850315;280;202.2;40.3;280.4;0.61;0.25;0.4;0.769
74;200.59314959544554;40.007399815229356;280;202.2;40.3;280.4;1.61;0.29;0.4;1.682
75;200;40;280;202.2;40.3;280.4;2.2;0.3;0.4;2.256
76;200.9998394336214;39.98433722426753;280;202.2;40.3;280.4;1.2;0.32;0.4;1.304
77;201.9988343235576;39.94013607632841;280;202.2;40.3;280.4;0.2;0.36;0.4;0.574
78;202.99647173053404;39.871721079833996;280;202.2;40.3;280.4;-0.8;0.43;0.4;0.989
79;203.99255838226995;39.78348310826923;280;204.4;39.9;280.3;0.41;0.12;0.3;0.519
80;204.98716734577283;39.67985415240218;280;204.4;39.9;280.3;-0.59;0.22;0.3;0.695
81;205.98058200609907;39.56530621217507;280;206.2;39.6;280.7;0.22;0.03;0.7;0.734
82;206.97323960974472;39.44435393644976;280;207;39.4;280.5;0.03;-0.04;0.5;0.503
83;207.96350948433596;39.305779185176974;280;207;39.4;280.5;-0.96;0.09;0.5;1.09
84;208.94652696848158;39.12265719452892;280;209.5;39;280.5;0.55;-0.12;0.5;0.756
85;209.9217350638217;38.90159297349494;280;209.5;39;280.5;-0.42;0.1;0.5;0.661
86;210.88942662897196;38.649587510105114;280;210.6;38.5;280.9;-0.29;-0.15;0.9;0.957
87;211.85040608354637;38.373039926847504;280;212.4;38.1;280.9;0.55;-0.27;0.9;1.089
88;212.80585412518522;38.07791704487923;280;213.4;37.9;280.7;0.59;-0.18;0.7;0.935
89;213.7572445082253;37.76994413959161;280;213.4;37.9;280.7;-0.36;0.13;0.7;0.797
90;214.70254123014578;37.443901189969495;280;215;37.4;280.8;0.3;-0.04;0.8;0.855
91;215.634976085161;37.08270723369754;280;216.1;36.6;280.6;0.47;-0.48;0.6;0.9
92;216.55438378728837;36.68951292362674;280;216.1;36.6;280.6;-0.45;-0.09;0.6;0.758
93;217.46084659956784;36.267317174921914;280;217.8;36.2;280.5;0.34;-0.07;0.5;0.608
94;218.35442162039442;35.81847667486295;280;217.8;36.2;280.5;-0.55;0.38;0.5;0.838
95;219.23509011390223;35.344806457178905;280;219.7;35.3;280.3;0.46;-0.04;0.3;0.555
96;220.1025247653363;34.84732104686827;280;219.7;35.3;280.3;-0.4;0.45;0.3;0.676
97;220.95203654464487;34.31986137930918;280;220.6;34.5;281;-0.35;0.18;1;1.075
98;221.7810068484508;33.76067043040329;280;220.6;34.5;281;-1.18;0.74;1;1.715
99;222.58799340934863;33.170202823714355;280;222.9;32.8;280.9;0.31;-0.37;0.9;1.022
100;223.37077373662572;32.5480151288067;280;222.9;32.8;280.9;-0.47;0.25;0.9;1.046
101;224.1261272753503;31.892821351965438;280;224;31.2;280.5;-0.13;-0.69;0.5;0.864
102;224.8498390747772;31.202851840958367;280;224.9;30.7;280.6;0.05;-0.5;0.6;0.784
103;225.54594018839776;30.48498255099745;280;224.9;30.7;280.6;-0.65;0.22;0.6;0.907
104;226.21275117245347;29.739860283412575;280;224.9;30.7;280.6;-1.31;0.96;0.6;1.734
105;226.84246269469526;28.96318054136711;280;224.9;30.7;280.6;-1.94;1.74;0.6;2.674
106;227.42423094193035;28.150046975902168;280;227.9;26.5;280.5;0.48;-1.65;0.5;1.789
107;227.94247742908024;27.295164455701407;280;227.9;26.5;280.5;-0.04;-0.8;0.5;0.94
108;228.40899368693576;26.410658871501347;280;227.9;26.5;280.5;-0.51;0.09;0.5;0.719
109;228.86693533709496;25.521713480814242;280;228.1;25.7;280.7;-0.77;0.18;0.7;1.054
110;229.28001655859225;24.61124324663541;280;229.5;22.9;279.9;0.22;-1.71;-0.1;1.728
111;229.6028042043106;23.665426020824587;280;229.5;22.9;279.9;-0.1;-0.77;-0.1;0.779
112;229.77210153557348;22.681428251688956;280;229.5;22.9;279.9;-0.27;0.22;-0.1;0.363
113;229.7812662229416;21.68160529897069;280;229.6;21.3;279.9;-0.18;-0.38;-0.1;0.434
114;229.7812662229416;20.681605298970695;280;229.6;21.3;279.9;-0.18;0.62;-0.1;0.652
115;229.7812662229416;19.681605298970688;280;229.8;19;279.9;0.02;-0.68;-0.1;0.689
116;229.7812662229416;18.68160529897069;280;229.8;18.6;279.9;0.02;-0.08;-0.1;0.13
117;229.7812662229416;17.68160430616937;280;229.8;18.6;279.9;0.02;0.92;-0.1;0.924
118;229.68608137365447;16.688071307912768;280;229.7;16.7;279.6;0.01;0.01;-0.4;0.4
119;229.41053801315047;15.727687987910128;280;229.1;15.3;279.9;-0.31;-0.43;-0.1;0.538
120;229.02427483628796;14.805643297548128;280;228.9;14.5;279.9;-0.12;-0.31;-0.1;0.345
121;228.57804717754354;13.910810545447696;280;228.9;14.5;279.9;0.32;0.59;-0.1;0.679
122;228.11190211072898;13.026103665589025;280;228.1;12.5;279.9;-0.01;-0.53;-0.1;0.536
123;227.62082220761545;12.155349663449392;280;228.1;12.5;279.9;0.48;0.34;-0.1;0.599
124;227.06000443743528;11.327668224267908;280;226.9;10.7;279.8;-0.16;-0.63;-0.2;0.678
125;226.44624976506137;10.538344012685089;280;226.9;10.7;279.8;0.45;0.16;-0.2;0.522
126;225.79188135890615;9.782287748705194;280;226.2;10;279.8;0.41;0.22;-0.2;0.504
127;225.10565446024077;9.054983845285557;280;225.3;8.9;279.4;0.19;-0.15;-0.6;0.649
128;224.39284763913977;8.353713777374374;280;225.3;8.9;279.4;0.91;0.55;-0.6;1.217
129;223.64850535228084;7.686047590140682;280;223.4;7;279.6;-0.25;-0.69;-0.4;0.832
130;222.87525191628117;7.052064600609644;280;222.5;6.7;279.6;-0.38;-0.35;-0.4;0.652
131;222.07675322220632;6.45017153486101;280;221.8;6.3;279.8;-0.28;-0.15;-0.2;0.373
132;221.25556342825962;5.879617416655891;280;221;5.5;279.5;-0.26;-0.38;-0.5;0.678
133;220.41338930406567;5.340518680495061;280;221;5.5;279.5;0.59;0.16;-0.5;0.787
134;219.55174037543006;4.833108576189699;280;219.9;4.8;279.7;0.35;-0.03;-0.3;0.461
135;218.67578658115897;4.350773574804284;280;218.2;4.4;279.8;-0.48;0.05;-0.2;0.518
136;217.78689181772495;3.8927317009013764;280;218.2;4.4;279.8;0.41;0.51;-0.2;0.684
137;216.88511361053716;3.460616131006381;280;217.2;3.7;279.7;0.31;0.24;-0.3;0.496
138;215.97041699148852;3.056576727415094;280;216.5;3.7;279.3;0.53;0.64;-0.7;1.088
139;215.042722340254;2.6833671585588683;280;214.6;2.6;279.4;-0.44;-0.08;-0.6;0.75
140;214.10196444712508;2.3444660395106185;280;213.6;2.5;279.6;-0.5;0.16;-0.4;0.66
141;213.1517930291756;2.032753782749588;280;213.6;2.5;279.6;0.45;0.47;-0.4;0.761
142;212.19800302106066;1.7323068507987467;280;212;1.2;279.7;-0.2;-0.53;-0.3;0.642
143;211.23918573593366;1.4483407784985394;280;210.8;1.1;279.5;-0.44;-0.35;-0.5;0.751
144;210.27404713846144;1.1867086881574225;280;210.8;1.1;279.5;0.53;-0.09;-0.5;0.731
145;209.30163358617878;0.9536292457213732;280;208.9;1.1;279.5;-0.4;0.15;-0.5;0.658
146;208.32144647190785;0.7558723451722371;280;207.6;0.9;279.8;-0.72;0.14;-0.2;0.762
147;207.3336205076694;0.6008930796266878;280;207.6;0.9;279.8;0.27;0.3;-0.2;0.448
148;206.3411867715487;0.4781230812858311;280;205.9;0.9;279.8;-0.44;0.42;-0.2;0.642
149;205.34810398345127;0.3607238576616735;280;205.9;0.9;279.8;0.55;0.54;-0.2;0.797
150;204.35397082186182;0.2526110795891229;280;203.5;0.2;279.4;-0.85;-0.05;-0.6;1.045
151;203.35844160610677;0.158267847601452;280;203.5;0.2;279.4;0.14;0.04;-0.6;0.618
152;202.36136027766662;0.08214063066386186;280;202.6;0.2;279.5;0.24;0.12;-0.5;0.566
153;201.362817015411;0.02864229504008263;280;202.6;0.2;279.5;1.24;0.17;-0.5;1.345
154;200.3632029771664;0.002133789564175321;280;202.6;0.2;279.5;2.24;0.2;-0.5;2.301
155;200;0;280;202.6;0.2;279.5;2.6;0.2;-0.5;2.655
